<?xml version="1.0" encoding="UTF-8"?>
<beans xmlns="http://www.springframework.org/schema/beans"
	xmlns:xsi="http://www.w3.org/2001/XMLSchema-instance"
	xsi:schemaLocation="http://www.springframework.org/schema/beans
	https://www.springframework.org/schema/beans/spring-beans.xsd">
	<bean id="outputter" class="com.kosta.di.sample2.FileOutputter">
		<constructor-arg index="0" value="out.txt"/>
	</bean>
	
	<bean id="messageBean" class="com.kosta.di.sample2.MessageBeanImpl">
		<property name="name"><value>길동아</value></property>
		<property name="greeting"><value>반가워</value></property>
		<property name="outputter"><ref bean="outputter"/></property>
	</bean>
</beans>